,Author,Years on Reddit,Verified,Comment Karma,Link Karma,Flair
0,StonedBirdman,7.945242984257358,False,17120,5393,
1,lame_gaming,3.45242984257358,True,11651,9872,Bon Air
2,McFlare92,10.789869952087612,True,154624,36161,Chesterfield
3,onceandfuturehippie,4.0191649555099245,True,918,615,
4,triskitbiskit,4.971937029431896,False,1500,3401,
5,leecanbe,1.919233401779603,True,3972,289,
6,Gedunk,11.24435318275154,True,27000,10277,
7,sleevieb,12.473648186173854,True,58133,5431,
8,buttsofpoop,9.229295003422314,True,922,6676,Mechanicsville
9,Anything-Clear,2.7679671457905544,True,9,1,
10,courtneycrush,2.3353867214236823,False,114,182,
11,Ms-Pamplemousse,7.441478439425051,True,15850,1202,Southside
12,Impossible_Bill_2834,1.1225188227241616,True,5537,464,
13,We3dmanreturns,2.751540041067762,True,34007,4655,Chester
14,bkemp1984Part2,4.432580424366872,True,21245,1188,Jackson Ward
15,Tylerjb4,10.009582477754964,True,158990,1749,Scott's Addition
16,bruxalle,3.154004106776181,True,22577,951,
17,chalsters,4.544832306639288,True,2539,4177,Shockoe Bottom
18,bergsberg,5.390828199863107,True,716,207,
19,Alex_Caton94,10.877481177275838,True,26902,6895,Museum District
20,BabyBat07,2.926762491444216,True,3398,124,
21,FalloutRip,11.63586584531143,True,78682,2607,East End
22,Dazzling_Duck_916,1.571526351813826,True,0,1,
23,thriftyshirt,9.481177275838467,True,13743,4147,Midlothian
24,GOTFan1997,0.4106776180698152,True,119,1,
25,HolyPotato2020,1.7440109514031483,True,-4,11,
26,PercyDovetonsils,8.254620123203285,True,3799,92,Chester
27,lolicraft,6.839151266255989,True,14092,1464,Shockoe Bottom
28,momo6548,3.019849418206708,True,8435,6521,Mechanicsville
29,RulerOfTheRest,1.8699520876112248,True,19913,440,Lakeside
30,deathleprchaun,7.553730321697468,True,10822,1320,Eastern Henrico
31,StarHeroPixels,3.701574264202601,True,8801,2030,Museum District
32,BigWangCly,5.645448323066393,True,5190,1635,
33,Responsible-Pea-4177,0.0383299110198494,True,1,1,
34,panopticon31,7.709787816563997,True,107725,23033,Manchester
35,Givn_to_fly,2.1519507186858315,True,3910,2,
36,Mentatminds,1.826146475017112,True,9663,5650,
37,charlottesaidso,2.910335386721424,True,6559,4392,Chesterfield
38,idkarchist,4.960985626283367,True,4722,1078,
39,STREAMOFCONSCIOUSN3S,0.4900752908966461,False,1417,286,
40,I1abnSC,1.596167008898015,True,2609,1,
41,Stitchmond,12.566735112936344,True,46393,41030,Highland Park
42,Soberaddiction1,3.23066392881588,True,6161,58,
43,militantrubberducky,6.874743326488707,True,3463,22,Southside
44,TheKerui,6.52703627652293,True,12841,425,Northside
45,Igard95,4.739219712525667,True,4020,766,
46,well_done_shallot,0.9418206707734428,True,1008,40,
47,AdSpecific1737,2.0971937029431897,True,998,1042,
48,DefaultSubsAreTerrib,8.038329911019849,False,34006,6364,Bellevue
49,Clean-Independent129,2.2012320328542097,True,2134,1175,Church Hill
50,wildair,7.942505133470226,True,8364,23,Lakeside
51,afaithross,4.183436002737851,True,3323,7616,
52,MaryDellamorte,4.5804243668720055,True,14642,661,City Center
53,DeannaZone,9.013004791238878,True,1815,174,
54,BlueBlood75,6.568104038329911,True,62994,23776,
55,10000Didgeridoos,2.6584531143052703,True,240670,5970,
56,lunar_unit,8.301163586584531,True,131347,34469,
57,try_by,2.91854893908282,True,7431,1942,
58,Cerebral-Knievel-1,2.4449007529089664,True,2982,378,Lakeside
59,i_need_a_lift,7.665982203969883,True,5818,504,
60,catuela,11.564681724845997,True,26184,5326,
61,PuffyMcScrote,7.832991101984942,True,5062,3675,
62,FalseSystem6055,2.026009582477755,True,650,9,
63,-B001-,0.6406570841889117,True,4417,1,
64,neddynedned47,3.698836413415469,True,6496,21584,
65,huffpaint,9.609856262833675,True,6366,1184,Barton Heights
66,Rec4LMS,4.2354551676933605,True,27002,380,Southside
67,FiveTicketRide,4.375085557837098,True,4083,795,Northside
68,TheDonkinator,8.824093086926762,True,1894,261,Bellevue
69,MeruRi,6.6420260095824775,True,278,479,
70,Lilllmcgil,3.822039698836413,True,2861,280,
71,slacksocialite,3.3921971252566734,True,50,1,
72,alyschon,5.7440109514031485,True,514,46,
73,mushaboom83,6.48870636550308,True,60911,10278,Lakeside
74,rapitman,8.402464065708418,True,2,1,
75,ITMORON,6.600958247775496,True,81131,50310,Near West End
76,Moondinos,2.507871321013005,True,1662,119,
77,Sackadelic,5.223819301848049,True,11031,6603,
78,needsexyboots,9.557837097878163,True,39683,451,
79,RVA_Renegade,2.806297056810404,True,109,1634,
80,Mickey_Malory,1.4757015742642026,True,200,31,
81,Gullible_Ad3436,2.464065708418892,True,3931,866,
82,DustySleeve,7.742642026009582,True,3254,13,
83,Wentz_It_Gonna_Be,4.229979466119096,True,7224,45,
84,DickThunder420,4.0219028062970565,False,53,11,
85,fusion260,11.652292950034225,True,36007,13434,Lakeside
86,Laura5544,0.7885010266940452,False,2,1,
87,masonbrit,11.211498973305956,True,181802,6492,
88,Herownself,3.794661190965092,True,6554,224,
89,Ok_Guidance_8021,0.917180013689254,True,61,6,
90,BureauOfBureaucrats,0.9390828199863108,True,7276,160,
91,Capwiz,11.323750855578371,True,16991,3294,Carver
92,just-some-void,1.2922655715263518,True,4474,13,
93,nightopian,8.240930869267626,True,1922,134,
94,Starlight812,3.162217659137577,True,7,1,
95,Custodes112,5.155373032169747,True,10,69,
96,bigehokie,6.338124572210814,True,1338,495,
97,tacobelle685,3.912388774811773,True,11640,2,
98,BubbleWrapGuy,7.854893908281999,True,113340,606,Highland Springs
99,BarryMcCockenor,3.712525667351129,True,350,5093,
100,Crumblebeezy,3.561943874058864,False,17153,13,
101,AltruisticSquash9028,2.127310061601643,True,207,38,
102,Mindless-Wash6082,0.0410677618069815,True,118,268,
103,RVAisMyHome,1.160848733744011,True,4365,243,
104,Yerfmop,0.1560574948665297,True,86,161,
105,Dr_Bonejangles,1.790554414784394,True,10332,98,
106,layne2216,6.2149212867898695,True,641,1899,
107,Treymolken,6.33264887063655,True,2814,701,
108,Tayl44,0.3449691991786447,False,738,34,
109,shampoo804,3.712525667351129,True,116,181,
110,ComprehensiveSail154,1.568788501026694,True,1229,541,
111,johntwit,4.763860369609857,True,21154,294472,
112,mo_bacon,0.5667351129363449,True,68,4,
113,iinabeana,10.17659137577002,True,1485,144,
114,Nothing2SeeHere4U,1.8781656399726208,True,13488,2407,Museum District
115,veryfunbags,11.121149897330596,True,20110,2340,Near West End
116,Sailinger,7.110198494182067,True,55693,15054,Battery Park
117,dustinator,12.005475701574264,True,51778,11285,Mechanicsville
118,c53x12,16.61327857631759,True,53751,8383,
119,1975hh3,5.514031485284052,False,86035,13814,
120,Itsjustasimplething,0.8459958932238193,True,3,1,
121,Ravishing_Rob_Rude,0.1779603011635865,True,997,3,
122,RVATrashAccount,0.0,False,14,1,
123,ElectronicRevenue227,1.4757015742642026,True,7166,1542,
124,LionOver,8.167008898015059,False,22583,918,
125,albertnormandy,2.811772758384668,True,170476,233,Hanover
126,ShuRugal,6.836413415468857,True,307446,12593,
127,mammothfurrr,3.0937713894592744,False,120,71,
128,ob1kenobi56,11.567419575633128,True,5050,2204,Chesterfield
129,Daemonrealm,5.305954825462012,True,7625,18108,
130,anghiari,10.691307323750856,True,332,29,
131,According-Elevator43,2.379192334017796,True,28,1,
132,grantcary,3.7180013689253935,True,6247,1667,Museum District
133,oklexus,2.7816563997262147,True,2958,1397,Chesterfield
134,zen_compassion,0.6735112936344969,True,416,1543,
135,WontArnett,3.9479808350444894,True,104970,796,Chesterfield
136,stones929,1.5906913073237507,True,33,58,
137,t_krick2,7.950718685831622,True,4174,5635,Church Hill
138,loulouhex,5.152635181382615,True,920,59,
139,MaximumDink,4.202600958247776,False,9522,389,
140,hugacrv,5.201916495550993,True,1019,1917,Shockoe Bottom
141,PlatonicDisc,0.7364818617385352,True,1275,328,
142,Allkin06,6.017796030116359,True,533,223,
143,FireSalsa,6.54072553045859,False,26057,320,
144,pecansforall,4.544832306639288,True,8486,5598,
145,CharlesJHV,3.860369609856263,True,4648,4618,Carver
146,DancyElephant12,5.305954825462012,False,24592,11979,
147,RVAGuywithNoID,2.5023956194387407,True,211,1,
148,UNKWNDTH2002,8.16974674880219,True,20929,6077,Southside
149,shalomfromus,4.309377138945927,True,19226,1469,
150,mybeamishb0y,2.532511978097194,True,12831,290,
151,choicebutts,10.57905544147844,True,17732,139,The Fan
152,FluxAnomaly,9.859000684462696,True,5817,6263,
153,Gorz0th,0.3696098562628336,False,5381,21,
154,Ear_Enthusiast,1.9000684462696784,True,104969,2526,Bon Air
155,sleepforevr,4.243668720054757,True,174,21,Near West End
156,Plusqueca,2.236824093086927,True,9557,41,
157,scoobiemario,3.077344284736482,True,2183,345,
158,jason375,5.207392197125257,True,7911,64,
159,PhuncleSam,8.501026694045175,True,53901,15607,Randolph
160,cameronmc3,4.043805612594114,True,342,2099,
161,HereComesTreble1645,6.981519507186858,True,946,1,
162,garfobo,8.28747433264887,False,23522,6088,
163,SnooPets8811,2.5626283367556466,True,63,1,
164,garytabasco,3.572895277207392,True,9201,14992,
165,katebandit,3.4277891854893907,True,108,1,Shockoe Bottom
166,Mad-Lad-of-RVA,1.462012320328542,True,23525,4032,Highland Springs
167,wutangitbitch,5.897330595482546,True,285,103,Forest Hill
168,notnot_athrowaway,0.7638603696098563,True,1929,18,Chesterfield
169,lukebwalls,6.652977412731006,True,618,2903,Monroe Ward
170,Remerez,12.27378507871321,True,51482,3158,
171,skulloctopus2023,0.2190280629705681,True,2583,170,Southside
172,m0arpepper,8.788501026694044,True,2865,391,Byrd Park
173,swanbearpig,11.101984941820673,True,110073,7518,Newtowne West
174,donkeylipswhenshaven,12.4435318275154,True,31127,3318,
175,Schmergenheimer,3.9507186858316223,True,28024,7394,
176,Farmerjoerva,2.4503764544832305,True,2444,1061,
177,blackmamba1221,6.6447638603696095,True,4871,263,
178,I_Got_A_Truck,5.127994524298426,True,20319,27053,Church Hill
179,richmondtrash,2.3983572895277208,True,598,225,
180,torvaman,9.768651608487335,True,13008,453,The Fan
181,RufusDelgado,3.961670088980151,True,3297,1638,Manchester
182,Minakovablue,7.008898015058179,False,4482,2098,
183,40wattbass,5.117043121149897,True,9,1,
184,Dirzicis,5.04312114989733,True,5297,122,
185,sakecat,7.288158795345653,True,29070,4147,
186,whw53,4.227241615331964,True,1620,820,Jackson Ward
187,Charlesinrichmond,8.509240246406572,True,128305,12419,Museum District
188,Responsible_Detail42,2.373716632443532,True,30,1,
189,WEGCjake,5.7440109514031485,True,13321,2806,Rosedale
190,TinkTudeRVA,3.060917180013689,True,181,2,Northside
191,glovettsfield,1.891854893908282,False,1665,31,
192,jasonkusterer,8.616016427104723,True,3261,3493,Church Hill
193,wellthatsoundsgreat,4.125941136208077,True,3069,14,
194,jodyhighrola,2.373716632443532,True,24889,1209,East Highland Park
195,3vanb00th,0.5119780971937029,True,480,295,
196,chillbro_baggins91,2.921286789869952,False,8036,7,
197,sbr___,0.2683093771389459,True,83,4,
198,1A4RVA,0.3367556468172484,True,4148,12,
199,TheMightyBoofBoof,2.893908281998632,True,9023,463,
200,popsrcr,0.4380561259411362,True,1534,83,
201,Danger-Moose,11.225188227241617,True,300455,14978,Lakeside
202,addctd2badideas,10.647501711156742,True,41116,4336,RVA Expat
203,Own_Potential8144,2.1464750171115674,True,793,528,Church Hill
204,connor8383,3.3018480492813143,True,76478,7405,Near West End
205,Clydesdong,0.6023271731690623,True,1659,544,
206,ApocalypticShadowbxn,2.464065708418892,True,15115,532,
207,Business_Ad_1459,2.573579739904176,True,35,47,
208,sapphicpisces,4.197125256673512,True,731,848,
209,BugggJuice,1.6427104722792607,True,14973,3713,Monroe Ward
210,Intrepid-Branch8982,0.1943874058863792,True,1466,2,
211,2054,9.174537987679672,False,5219,288,
212,Dramatic_Barracuda55,0.4134154688569473,False,7644,329,
213,TheCheeseDevil,0.4298425735797399,False,11628,1052,
214,RefrigeratorRater,3.014373716632444,False,3445,277,
215,argntn,3.3045859000684463,True,13530,203,
216,__looking_for_things,6.7734428473648185,True,61284,1486,
217,I_AM_RVA,0.5338809034907598,True,4987,16,
218,fluufhead,10.420260095824778,False,27109,1347,Carytown
219,Cheap-Ad7916,2.023271731690623,True,374,32,
220,Littleprisonprism,0.70362765229295,True,2497,293,
221,tigranes5,4.777549623545517,True,1672,618,
222,watcher-in-the-water,2.7679671457905544,False,2075,154,The Fan
223,dalhectar,14.466803559206022,True,59103,7985,
224,scaryghostnlm,4.394250513347022,True,5488,2323,
225,GeneralAgrippa,10.77618069815195,True,109649,6125,
226,tommy-jeans,4.380561259411362,True,4952,875,
227,Grumgar,3.917864476386037,True,3936,7040,
228,vtbeavens,11.515400410677618,True,85373,33342,
229,gamerthrowaway_,8.848733744010952,True,39304,1384,Museum District
230,rockandpabst89,1.002053388090349,False,3276,184,
231,thomas8266,3.608487337440109,True,2880,32,
232,Aik2,8.281998631074606,False,4536,905,
233,Kthak_Back,2.379192334017796,True,16911,1139,
234,TripawdCorgi,6.395619438740589,True,44452,1244,Manchester
235,epichicken,9.21286789869952,True,5431,1141,
236,J-Colio,8.260095824777549,True,47043,10754,Downtown
237,okcknight,2.806297056810404,False,5229,1,
238,gordonglover,9.325119780971937,True,15899,2066,Short Pump
239,StarGraz3r84,4.725530458590007,False,66987,6246,
240,DirtyJamesmydia,0.837782340862423,True,2185,1,
241,Dabbydurrito,2.160164271047228,True,447,37,
242,Beginning_Spite24,2.2587268993839835,True,66,7,
243,Ok_Boysenberry_4223,2.587268993839836,False,2261,137,
244,mewisme700,5.451060917180014,True,28232,60079,Midlothian
245,lemonartichoke,3.676933607118412,True,3616,412,
246,grugruxx,4.15605749486653,True,390,283,
247,casander14,1.0951403148528405,True,401,1,
248,JackStretcher74,1.5003422313483916,True,330,1,Chesterfield
249,baconsaurus_REX,10.570841889117045,False,1743,926,
250,mtrva,8.438056125941136,True,1745,645,
251,PleasureP,12.607802874743326,True,17233,924,
252,tantumar,0.109514031485284,False,947,596,
253,theboyfromphl,3.1184120465434635,True,14425,25571,
254,BellyButtonTickler,11.392197125256674,False,10696,12273,Henrico
255,gravy_boot,8.785763175906913,True,38842,2348,
256,theb0tman,7.408624229979466,True,3648,217,
257,foxybagels,5.048596851471594,True,1594,5242,
258,UntrainedFoodCritic,6.064339493497604,True,41253,2332,
259,SIDEEYEmusic,1.7741273100616015,True,638,485,
260,Soft-Standard-8362,0.2819986310746064,True,336,9,
261,pmyourcoffeemug,1.9274469541409995,False,9982,1061,Northside
262,alphabet_order_bot,1.787816563997262,False,1189414,1,
263,CrassostreaVirginica,3.646817248459959,True,73381,652471,
264,freaknprtorican,10.636550308008214,True,1876,1292,
265,CBassTian,7.4633812457221085,True,3755,255,
266,GinHalpert,1.6454483230663928,False,34022,11254,
267,zuniac5,5.021218343600274,True,147858,19667,
268,I_Enjoy_Beer,11.11567419575633,False,110251,241,Forest Hill
269,Jesusismycurseword,11.60848733744011,True,6189,9890,Near West End
270,Commercial-Donkey-10,1.749486652977413,True,2944,97,
271,FattieBanton,3.156741957563313,False,52120,4009,
272,Richmond_Mondo,2.028747433264887,True,1440,592,Northside
273,icepick314,12.413415468856948,True,203371,1757,
274,ArcadianBlueRogue,5.585215605749487,False,718169,2512,
275,lady_laughs_too_much,9.686516084873375,True,223574,31391,
276,smarshall561,8.851471594798083,True,118217,106242,Scott's Addition
277,instantcoffee69,4.980150581793292,True,40826,151,
278,Cunbundle,1.626283367556468,True,38615,11760,Byrd Park
279,54Daddyforyou,0.0958247775496235,False,3,7,
280,lancgo,3.969883641341547,True,5587,7883,
281,this_isnt_alex,4.139630390143737,True,13179,1118,
282,MrPlowThatsTheName,10.160164271047227,True,23904,1533,
283,xRVAx,8.112251882272416,True,20700,18646,Bon Air
284,forrestbeach,2.573579739904176,False,10760,14,
285,CapsGr8,3.082819986310746,True,-6,43,
286,Va0utdoor,0.2464065708418891,False,4315,100,
287,MyloShift,7.299110198494182,True,68,6153,
288,beefs_in_a_jar,5.984941820670773,True,5002,585,Forest Hill
289,Doodahman495,3.345653661875428,True,9229,30,
290,SigSeikoSpyderco,5.002053388090349,True,159201,85456,
291,ApprehensiveCrow6898,1.3032169746748803,True,661,1,
292,1yellowstoneguy,0.8815879534565366,True,18983,25,
293,borkus,12.9637234770705,True,34624,527,
294,Catwymyn,3.403148528405202,True,9369,835,
295,rydogg1,10.360027378507873,True,20791,1014,Midlothian
296,Happyginger,11.285420944558522,True,18730,22647,
297,dr_nerdface,10.954140999315538,True,69490,5332,Newtowne West
298,vavavam,10.99520876112252,True,4971,6745,City Stadium
299,barrewinedogs,4.079397672826831,True,23947,1108,
300,saehildth,0.3915126625598905,True,149,30,
301,SwitchToDecaf,10.535249828884323,True,3726,4261,The Fan
302,SquirrelBurritos,5.7412731006160165,True,1342,1620,Southside
303,Horror-Fisherman-575,1.6454483230663928,True,8920,190,
304,nRust,11.203285420944558,True,4798,819,The Fan
305,cleverocks,9.886379192334015,True,27148,1989,Bon Air
306,HackettToBits,2.921286789869952,True,84,8,
307,momthom427,2.067077344284737,True,24013,3781,The Fan
308,57duck,3.904175222450376,True,2137,363,
309,popeboyQ,9.612594113620808,True,170363,12323,
310,MCExlax,12.629705681040384,True,7597,2172,Church Hill
311,BlueXTC,9.10609171800137,True,25101,17178,Mechanicsville
312,MustryTree,0.7091033538672142,True,76,56,
313,spillsomepaint,10.017796030116358,True,6052,2653,Fulton Hill
314,oceanic_815,10.316221765913758,True,9915,1750,Williamsburg
315,Notthatianmcewan,8.093086926762492,True,1244,7,Lakeside
316,ImNotHere1919,0.2135523613963039,True,421,460,
317,Horsecon,3.956194387405888,True,796,13,Jackson Ward
318,foccee,7.258042436687201,False,15886,1831,Church Hill
319,thesj180herself,9.845311430527037,True,971,61,
320,supaspex_sfw,5.645448323066393,True,5093,1,
321,coconut_sorbet,4.914442162902122,True,67795,2493,Carytown
322,RubHerBabyBuggyBmper,9.19917864476386,True,6212,1875,Near West End
323,tactlessscruff2,4.670773442847365,True,6354,14884,Church Hill
324,coldblackmaple,1.3826146475017111,True,3357,46,
325,RatsboggleBio,0.5037645448323066,True,49,4,
326,iluvpntbtr,4.199863107460644,True,2031,1383,
327,Quickslver,7.7180013689253935,True,5,4,
328,PimmentoChode,1.538672142368241,True,21979,1259,
329,picklewillow,4.008213552361396,True,6590,796,
330,funkipus,10.833675564681725,True,1979,2274,Forest Hill
331,ill-disposed,4.752908966461328,True,78654,688,
332,Seedybees,0.3723477070499658,False,1511,182,
333,Henhouse808,6.650239561943874,True,114406,5786,Lakeside
334,turnipmeatloaf,3.917864476386037,True,53248,16972,
335,airquotesNotAtWork,1.483915126625599,True,2651,96,
336,ImprovisedGoat,6.746064339493498,True,1632,4855,
337,FUTUREzag,7.403148528405202,False,1052,1,
338,teh_german,5.218343600273785,True,5234,5402,The Fan
339,goodsam2,8.46817248459959,True,155713,2139,
340,Cleistesiopsis,5.541409993155373,True,514,1,
341,Utretch,10.091718001368925,True,22289,240,
342,3FoxInATrenchcoat,0.4353182751540041,True,2461,2,
343,LadySpottedDick,4.709103353867215,True,10818,5923,Midlothian
344,121G1GW,1.5550992470910336,True,3527,114,
345,santana1243,0.8021902806297057,True,8,1,
346,Dangerous-Strength32,1.3114305270362765,True,23,17,
347,Paxvertue,9.963039014373717,True,89,359,
348,GreatGreatGrandpa,6.606433949349761,True,2112,445,The Fan
349,d4vezac,10.496919917864476,True,52911,563,
350,RVA_GitR,3.033538672142368,True,13543,14404,
351,MrGurnBlanston,4.709103353867215,True,18,152,
352,alyhansenphoto_,1.8836413415468856,True,386,817,Church Hill
353,SunEarthMoonYou,5.355236139630391,True,8652,786,
354,Horror-Antelope4256,0.0328542094455852,True,247,1,
355,SoggyShake2471,1.9055441478439423,True,43,1,
356,rvathrwaway,8.761122518822724,True,14326,7767,
357,serarrist,10.570841889117045,True,26051,9476,
358,kailalawithani,7.063655030800821,True,7387,2115,
359,Irish945,4.232717316906228,True,689,7,
360,Least-Theory-781,2.16290212183436,True,431,1,
361,Stalaktitas,2.157426420260096,True,18,1,
362,IronGiants1973,1.4647501711156743,True,265,2,
363,SqueezeMyCharmin,7.67419575633128,True,2360,4819,Highland Park
364,kevomodelo,6.803559206023272,False,2998,222,
365,userlyfe,0.3860369609856263,True,5306,9,
366,Forsaken_Exercise_67,2.573579739904176,True,1159,1,
367,Anianna,9.69199178644764,True,199585,10533,
368,bomdiagata,0.3422313483915126,True,1654,42,The Fan
369,MazeppaPZ,10.431211498973306,True,13724,38592,West End
370,chima_a,2.485968514715948,True,1521,1650,
371,Bagel_czar,1.1745379876796715,False,-4,1,
372,riz_lemon,10.43668720054757,True,18181,12970,
373,paramnesiack,2.5489390828199863,True,7,2,
374,Et-selec,3.082819986310746,False,3739,642,
375,fckredditmodslmao,1.6043805612594113,True,2434,190,
376,jimmyvluv4u,6.138261464750171,True,807,416,
377,BrendanQ,10.77618069815195,True,16945,8848,Manchester
378,metalcoreisntdead,1.3415468856947297,False,4657,689,
379,fspaits,10.581793292265573,True,269,28,
380,njbrews,4.057494866529774,True,22447,6058,Shockoe Bottom
381,fr0bert,5.470225872689938,True,6444,566,Ginter Park
382,iWannaCupOfJoe,4.262833675564682,True,13843,2616,Downtown
383,ZephyrInfernum,1.026694045174538,True,30076,869,
384,Sea-Contract-2379,1.6947296372347709,True,6,1,
385,RVAringfinder,3.652292950034223,False,11544,129,
386,Realmofthehappygod,7.561943874058864,True,11745,25,
387,masterts15,3.802874743326489,True,381,58,
388,SickleRipper,5.234770704996578,True,40,811,
389,dsm5lovechild,0.919917864476386,True,240,193,Jackson Ward
390,DrBankfarter,1.7084188911704312,False,14288,23,
391,ectoskeletal99,4.298425735797399,True,292,755,
392,liquid-skies,3.5373032169746748,True,3680,12869,
393,kittens856,1.0239561943874058,True,491,474,
394,eclectic-and-effete,0.2573579739904175,True,120,1,
395,SubstantialCurve1883,0.027378507871321,False,9,12,
396,harpervn,5.839835728952772,True,584,57,
397,pettyolson,3.767282683093772,True,67,196,
398,TurboPantalones,9.924709103353868,True,102,29,
399,nitsual912,2.584531143052704,True,2746,513,Northside
400,OddWelcome2502,2.2286105407255303,True,4788,204,Lakeside
401,atctia,3.2799452429842573,True,93937,5443,
402,Far-Attitude-6395,0.9801505817932924,True,2066,19,
403,Dangerous-Carpet-776,2.5817932922655715,True,17,82,
404,Proper-Ad4006,2.297056810403833,True,3968,1313,
405,Andrew_64_MC,8.681724845995893,True,26337,70656,
406,groundcontrol3,13.585215605749486,True,5451,963,Northside
407,justbecauseiluvthis,8.654346338124572,False,68412,410,
408,LeicesterHoult,1.5906913073237507,True,2761,329,Near West End
409,EmergencyYoung,4.010951403148528,True,661,1891,
410,PilgrimRadio,1.6563997262149213,True,1427,5,
411,fractalflatulence,1.1854893908281998,True,3998,18,
412,opienandm,2.458590006844627,True,12821,4246,The Fan
413,sam_bru,2.907597535934292,True,248,12,
414,RCBilldoz,5.229295003422314,True,8380,916,
415,samichcat,13.5523613963039,True,622,1041,
416,mize68,1.3935660506502396,True,8318,9,
417,prezdakistan,0.5311430527036276,True,2067,10,
418,oh_hello_rva,3.704312114989733,True,2455,178,Church Hill
419,sleepy_heartburn,11.520876112251882,True,5422,358,
420,chasetwisters,10.89390828199863,True,16752,2914,Near West End
421,jdbug100,6.907597535934292,True,10040,1862,The Fan
422,rickkicks,9.22655715263518,True,4705,2266,Dumbarton
423,personalitree,3.0691307323750854,True,492,32,
424,RVAyay,8.147843942505133,True,5588,130,
425,dino78aspieotter,6.806297056810404,True,2057,36,Museum District
426,bozatwork,9.396303901437372,True,3400,161,
427,STORMPUNCH,8.9637234770705,True,4248,13,Brookland Park
428,Worsebetter,8.139630390143736,True,19845,2463,
429,BobbyFuckingB,5.248459958932238,False,13470,828,
430,skeevy-stevie,3.493497604380561,True,62183,12,
431,sugaronme,5.232032854209446,True,1271,731,
432,turdfurgy69,2.8145106091718,True,2935,671,
433,smokeWeedles,6.294318959616701,True,714,5067,
434,Far_Mathematician_55,2.5626283367556466,True,222,85,
435,jmixer920,9.19917864476386,True,57,1,
436,cmyk412,0.7282683093771389,True,13012,71,
437,SW_RDC,2.485968514715948,True,874,8,
438,RedEyedFrog77,2.1738535249828885,True,0,1,
439,WellGoodMorning,3.742642026009584,True,57,34,
440,SpicyyySalsaaa,0.5448323066392882,True,240,465,
441,Hiltson87,0.9308692676249144,True,10096,80,Church Hill
442,OlGreggMare,3.6331279945242985,True,21102,1703,
443,10698,1.2840520191649556,True,6675,17,Manchester
444,Derigiberble,11.592060232717316,True,102365,54849,West End
445,ImplementEven1196,2.2778918548939084,True,1096,101,Woodland Heights
446,allowatt,11.912388774811772,True,5388,2202,Bellevue
447,The8thHammer,9.30321697467488,True,45749,1,
448,jjj999catcatcat,7.712525667351129,False,3718,4544,
449,kwoodall,14.318959616700887,True,4333,822,
450,Jarymane,11.096509240246409,True,17301,23204,
451,TrickTangelo4321,0.6899383983572895,True,1691,22,
452,m_ux,0.4709103353867214,True,241,3,
453,wonboowoo,3.8247775496235454,True,23022,1667,Fulton Hill
454,lordpuddingcup,7.093771389459275,True,11855,642,
455,fl_man_in_rva,3.4168377823408624,True,900,5,Short Pump
456,TellYourPupISaidHi,3.378507871321013,True,526,2,
457,coffeedoodle,1.998631074606434,True,15825,1366,Short Pump
458,testylawyer,11.186858316221766,True,22508,3697,Highland Springs
459,xTiredSoulx,5.363449691991787,True,2955,734,Lakeside
460,Asterion7,11.668720054757015,True,250757,24671,Forest Hill
461,waineofark,4.547570157426421,True,8902,394,
462,KiloLee,10.795345653661876,True,100492,20769,Mechanicsville
463,heats46,6.951403148528406,False,286,138,
464,Mr_Fury,11.734428473648189,True,2152,3387,Northside
465,CyranoDeBurlapSack,6.825462012320329,True,7309,87,
466,phatboisteez,10.880219028062973,True,57256,47046,Museum District
467,boseyboseybop,2.809034907597536,True,1125,11,
468,No-Catch7813,2.518822724161533,True,1626,1,
469,CodysMyDeadName,3.216974674880219,True,262,224,
470,R0gueShadow,5.593429158110883,True,5013,1991,Midlothian
471,rabbiferret,9.96851471594798,True,28731,4660,Near West End
472,yesiambear,9.790554414784394,True,9139,6644,The Fan
473,Yourstrulytherats,4.410677618069816,True,7467,1817,The Fan
474,flea_nut_lance,10.483230663928817,True,4381,195,Carytown
475,djeeetyet,3.2114989733059547,True,5967,14,
476,nvgvup84,11.044490075290897,True,17268,778,
477,benuski,11.485284052019164,True,12446,23467,Mechanicsville
478,AndThenThereWasQueso,5.215605749486653,True,22419,4399,Northside
479,againer,13.210130047912388,True,20584,4105,
480,Jeepgirl0115,2.532511978097194,True,164,21,
481,berrysparkle87,0.5968514715947981,True,14,25,
482,Candid-Ear-4840,2.6611909650924024,True,124337,184,
483,ssgonzalez11,3.3045859000684463,True,22474,1617,
484,justopentheenvelope,5.125256673511293,True,1517,6568,
485,Smoky_Sol6438,0.082135523613963,True,16,1,
486,crankybitch2022,1.0075290896646132,True,37,1,
487,r3y3a3,3.063655030800821,True,122,84,
488,Chickenmoons,1.7193702943189595,False,13734,490,Maymont
489,SpicyRamenDeluxe,0.6351813826146475,False,25,1,
490,bunchofdingalings,10.72142368240931,False,684,178,Museum District
491,Therecomesdudley,2.461327857631759,True,36,89,
492,hackysack01,2.023271731690623,True,236,78,
493,etulip13,6.485968514715948,False,5912,729,
494,foodlion,11.496235455167694,True,10936,1091,Northside
495,lawyerdogs,7.468856947296373,True,867,910,The Fan
496,ArtsyKoalaBear,1.242984257357974,True,184,335,
497,BlueHeelerChemist,2.7624914442162902,True,2747,4633,
498,CountryNottaBumkin,0.5037645448323066,True,1117,1,
499,carharttuxedo,0.6789869952087612,False,998,1,
500,Successful_Start_159,0.947296372347707,True,155,256,
501,em6891,0.5338809034907598,True,667,1,
502,Bunnydri,0.0027378507871321,True,0,3,
503,Soloemilia,7.230663928815879,True,94286,5090,Rosedale
504,ReynardSurplus,8.205338809034908,True,4967,2782,
505,jeb_hoge,4.539356605065024,True,37389,2488,Midlothian
506,CharlesTheBob,7.906913073237509,True,8749,244,Museum District
507,Option_Perfect,2.6611909650924024,True,2538,126,
508,wrjj20,9.938398357289527,True,240,151,
509,Singsalotoday,0.7282683093771389,True,6832,1,
510,tchrsleuth,4.772073921971253,False,379,1,
511,DrKittyKevorkian,7.403148528405202,False,104916,437,
512,phyzyk,5.368925393566051,True,270,76,
513,sinyre,10.521560574948666,True,7243,1770,Mechanicsville
514,rva-ModTeam,0.5612594113620808,False,-10,1,
515,beanobroad,0.0574948665297741,False,15,1,
516,TaylorLadybug,2.529774127310062,True,1158,829,
517,VCUBNFO,8.854209445585216,True,105800,168511,The Fan
518,NotoriousZog,2.1656399726214923,True,8178,23,
519,freeride1,7.926078028747433,True,4607,1400,
520,throwingutah,9.06776180698152,True,62536,2348,Forest Hill
521,infideli0,0.1122518822724161,True,518,1,
522,Pretend-Bread-8856,0.8761122518822724,True,718,1,
523,phocuetu,6.11088295687885,True,2086,261,
524,Infamous_Day_8298,2.5489390828199863,True,-100,1,
525,argmax,7.2498288843258045,False,12681,33,
526,Barbelloperator,2.31895961670089,True,25,51,
527,Jcasty00,0.0492813141683778,True,192,5,
528,psychic_bacon,10.362765229295004,True,8284,2908,
529,predicktable_x,2.138261464750171,True,3448,2588,Northside
530,KDRadio1,1.3880903490759753,True,20737,395,
531,ledman3214,3.0691307323750854,False,5480,22,
532,NatNat800,3.906913073237509,True,13312,5126,Glen Allen
533,demeter_devi,4.005475701574264,True,3489,1780,
534,Monstrous_13,7.882272416153319,True,15807,19,
535,omgnoway223,3.241615331964408,False,2711,1,
536,_LouSandwich_,4.399726214921286,True,28881,15037,
537,f94mlew6,0.8761122518822724,False,17789,353,
538,lotsofquestions2323,3.641341546885695,True,493,201,
539,User-NetOfInter,2.68309377138946,False,230135,3409,RVA Expat
540,PalladiumKnuckles,3.871321013004791,True,667,166,Carytown
541,achilidogmom,2.806297056810404,True,501,659,
542,Fun-Alternative4797,2.0095824777549622,True,102,1,
543,southsidious,7.994524298425736,False,991,1350,
544,Court_of_Appeals,4.616016427104722,True,400,765,
545,stabka,3.493497604380561,True,239,49,
546,wickedwoobie328,2.7433264887063653,True,5023,346,
547,lexhell7,1.5222450376454484,True,136,4921,The Fan
548,espressoanddoggos,2.283367556468173,True,2008,2767,
549,AidCookKnow,1.319644079397673,True,8833,238,West End
550,alliegemm,1.3415468856947297,True,865,1659,
551,hmtjr,4.399726214921286,True,3246,389,
552,twoaas91,2.9842573579739904,True,404,662,
553,Myfordtruck,3.1156741957563314,True,28,93,
554,lepchm,3.2854209445585214,False,1651,578,
555,allineedispeaches,10.685831622176591,False,66,22,
556,jimmynewtprawn,4.80766598220397,True,3265,706,
557,ohgodhowdothis,1.1854893908281998,True,979,1,
558,footballflow,11.23066392881588,True,1553,134,
559,veggieswillsaveusall,9.478439425051334,True,895,3675,
560,Mysterious_Bell4280,2.4941820670773445,True,887,118,
561,hlbooker,9.924709103353868,True,93,41,
562,authenticEccentric,2.568104038329911,True,87,1,Forest Hill
563,hayleylujahh,4.985626283367557,True,357,494,The Fan
564,Top-Necessary-992,1.3552361396303902,True,777,115,
565,bossslj,10.239561943874058,True,95,11,
566,MamaSlytherin,0.9637234770704995,True,345,1,
567,That-Ad-5521,2.458590006844627,True,10,1,
568,Ocean_waves726,2.6119096509240247,True,23901,280,
569,myfavoriteplant,3.742642026009584,True,206,214,
570,Due-Pack5945,2.568104038329911,True,36,1,
571,nilmergreeb,0.4462696783025325,True,1489,1,
572,barleydogmom,2.6091718001368926,True,507,163,
573,puzzledsushi,4.610540725530458,False,6723,6614,
574,mbeas001,3.980835044490075,True,75,1,
575,HRPuffnGiger,0.0164271047227926,False,64,90,
576,1Shadowgato,3.2142368240930868,True,9534,647,
577,aww-yeah,9.845311430527037,False,1510,139,
578,ragingnerd,10.63381245722108,True,72976,3133,
579,JVorhees,9.78507871321013,False,78830,95,West End
580,Frelling_Dren,7.865845311430527,False,517,177,
581,dr3music,3.912388774811773,True,349,86,
582,linklight2000,2.680355920602328,True,11431,295,
583,Vajama77,4.892539356605065,True,14972,272,
584,rvaskier,8.889801505817934,True,2226,718,Midlothian
585,spiirel,7.835728952772074,True,17782,1660,
586,Creep_Stroganoff,4.068446269678303,True,8350,2187,
587,ArTooDeeTooTattoo,6.042436687200548,True,33402,40136,
588,WishManRVA,6.7323750855578375,True,115,15,
589,LostEmergency9565,2.412046543463381,True,0,1,
590,Simple_Award4851,2.464065708418892,True,154,7,
591,Wendy319,2.713210130047913,True,95,13,
592,Cactuscouch757,4.761122518822724,False,4803,70,
593,WakeNikis,5.500342231348392,True,58222,19,
594,bstrouseAU,4.358658453114305,True,153,11,
595,Some_Firefly_Nights,2.9596167008898013,True,10249,286,
596,wil_dogg,13.533196440793978,True,18607,2546,
597,jennbo,10.414784394250514,True,10659,2309,
598,PM-me-your-moods,3.003422313483916,True,461,109,
599,finndss,2.9048596851471595,True,141,168,
600,Davidm241,9.859000684462696,True,8873,238,Varina
601,Lokky,11.526351813826146,True,178280,1919,Southside
602,TripleAWingingIt,1.0321697467488022,True,11059,126,
603,memorex00,4.804928131416838,True,1121,57,
604,wagonboss,8.848733744010952,True,11352,2844,Huguenot
605,ChupacabraRVA,0.0903490759753593,True,465,1344,RVA Expat
606,Sandblaster1988,7.307323750855578,False,26748,307,
607,cantaloupe-490,0.8733744010951403,True,12803,173,Forest Hill
608,UnzippedButton,6.694045174537988,True,23434,1167,Varina
609,impossibilities17,12.084873374401097,False,1744,374,Stratford Hills
610,SorryDuplex,5.100616016427105,True,9315,982,
611,donniedarkhair,5.390828199863107,True,11631,2090,Chesterfield
612,ifweweresharks,4.856947296372348,True,14002,1898,
613,mjhatesyou,6.47501711156742,True,6399,10709,Near West End
614,mourning__glory,3.4989733059548254,True,351,5019,
615,geneb0322,7.214236824093087,True,36524,2033,
616,JWelchRVA804,1.6618754277891854,True,685,175,
617,Poke-a-dotted,0.4188911704312115,True,504,1,
618,Flex_Bacontrim,10.20123203285421,True,7104,226,
619,balance07,10.99794661190965,True,68407,608,Short Pump
620,ViralSpiralz,10.847364818617386,True,3016,398,West End
621,hi_revver,7.871321013004791,True,8567,1741,
622,only-hooman,3.578370978781656,True,190,19,
623,KeakRzem,3.5263518138261465,True,996,700,
624,cr4zy-cat-lady,5.763175906913073,True,27246,3324,
625,iSYTOfficialX7,4.054757015742642,True,8802,2447,Amelia County
626,theythinkImcommunist,2.8774811772758384,True,9690,709,
627,_dill_,4.407939767282683,True,300,129,
628,okk_kaleidoscope,0.5941136208076659,True,3,63,
629,femanonette,11.76454483230664,True,61105,19561,
630,80_PROOF,4.919917864476386,False,19391,5912,
631,ChuckBS,11.509924709103354,True,21054,2323,Union Hill
632,deephaven,10.666666666666666,True,4357,1352,
633,docskreba,9.174537987679672,True,17179,11791,Near West End
634,wrenster00,2.915811088295688,True,3757,252,Carytown
635,ExpensiveSyrup,4.610540725530458,True,57199,840,Midlothian
636,_lets_trythis_again_,4.19438740588638,True,21305,117,
637,ThaLZA,9.494866529774129,True,23068,15396,
638,RamsGirl0207,3.909650924024641,True,2117,47,Midlothian
639,liza_spinelli,1.0650239561943875,True,743,441,Downtown
640,rdt69420,2.7624914442162902,True,10602,7086,Downtown
641,MelAbs64,2.466803559206024,True,419,1244,Chesterfield
642,healthyBabyBoy,7.028062970568104,False,1691,1,
643,cr777cr,3.019849418206708,True,8,41,
644,rightatmonroe,3.1950718685831623,True,72,5,
645,Lilykaschell,3.696098562628337,True,9321,423,
646,MKrushelnisky,6.614647501711157,True,2166,1563,
647,UnfilteredFacts,2.2861054072553046,True,255,1421,
648,PapowSpaceGirl,5.163586584531143,True,8385,284,
649,patrickj86,12.5201916495551,True,1979,294,
650,Blue_Bee_Magic,3.991786447638604,True,5256,2878,
651,InstantTrauma,2.948665297741273,True,1543,2508,Chesterfield
652,JP_Clark,1.828884325804244,True,1414,5,
653,dannyhuskmusk,2.7104722792607805,False,165,126,
654,Slow-Bluejay-4947,2.004106776180698,True,152,35,
655,lennybriscoforthewin,3.682409308692676,True,39926,557,
656,annette_va,5.727583846680356,True,200,465,
657,blueblaez,6.447638603696099,True,19114,1093,
658,shorty_tumbleweed,9.273100616016428,True,593,154,
659,64ink,5.831622176591376,True,23439,3098,
660,Ilovekittensomg,8.563997262149213,True,22298,647,Chesterfield
661,burneraccountlolz,6.595482546201232,False,37,2,
662,freetimerva,9.984941820670771,False,79982,2907,Byrd Park
663,lechubb,7.175906913073238,True,7139,2212,
664,No_Vegetable7280,2.11088295687885,True,9122,929,
665,SecureMechanic9794,2.6666666666666665,True,7439,2063,
666,UnableWeakness2728,2.64476386036961,True,-3,1,
667,JeffRVA,10.3709787816564,True,7178,1569,New Kent County
668,sistermarypolyesther,11.082819986310746,True,9027,1766,
669,jigglypoff2706,0.4736481861738535,False,647,16,
670,-jxw-,7.709787816563997,True,6149,7530,Shockoe Bottom
671,s3rndpt,9.842573579739904,True,11403,404,
672,chairmanbrando,11.75085557837098,True,61821,351,Henrico
673,meowmeow_now,1.648186173853525,False,162889,495,
674,callmehokage,5.949349760438056,True,2060,256,
675,jjburton84,3.077344284736482,True,412,3402,
676,chexsmix96,4.164271047227926,True,860,1,
677,RVAWTFBBQ,7.214236824093087,True,14161,11445,Museum District
678,corndoggeh,9.724845995893224,True,17369,4692,
679,BarryPursley,5.620807665982204,True,8326,131,
680,jmarkley16,4.202600958247776,True,7855,348,
681,Whistler45,7.698836413415469,True,29993,6311,
682,yearbook800,4.413415468856948,True,19,33,
683,cloudk1ds,0.3093771389459274,True,118,173,
684,thejennivision,2.518822724161533,True,9,71,
685,Interesting-Field-45,2.64476386036961,True,7155,36,
686,Singedallalong,10.132785763175908,False,2457,806,
687,penthousefarms,2.327173169062286,False,171,162,
688,Pure_Membership_3079,1.5989048596851472,True,0,1,
689,soletsgettothepoint,10.880219028062973,True,6851,5673,
690,ABod5102,1.1526351813826146,True,0,1,
691,KawaiChik,14.746064339493495,True,2334,779,
692,thatcondowasmylife,6.535249828884326,True,133597,2896,
693,ItalianMineralWater,0.1423682409308692,False,452,1,
694,ChilesJackie,9.215605749486652,True,6452,122,The Fan
695,elloitheba,4.917180013689254,True,6750,712,
696,ChaoticKeys,4.933607118412047,True,19648,1937,
697,SeeYaLaterDylan,11.633127994524298,True,104877,8488,The Fan
698,wwiv423,2.349075975359343,True,372,8,
699,Clean_Philosophy5098,0.7282683093771389,True,3710,1,
700,wiwtft,6.921286789869952,True,24394,568,Downtown
701,Sullacuda,6.934976043805612,True,7087,1367,Bon Air
702,besalasestrellas,1.4017796030116358,True,160,4,Henrico
703,elizinrva,6.965092402464066,True,2241,3052,West End
704,CozyLeda,5.4811772758384665,True,3841,117,
705,guiltyofnothing,9.645448323066391,True,219849,151933,Midlothian
706,a_real_tomato,10.732375085557836,True,865,399,The Fan
707,RVAperson9,2.754277891854894,True,1352,1,
708,skyboundduck,9.99315537303217,True,1706,10435,
709,gracetw22,9.596167008898014,True,36040,3575,West End
710,carabeanqueen,3.748117727583847,True,2429,8685,
711,AWorldRider,0.3066392881587953,True,12566,67,
712,pipebombdreams,9.3305954825462,False,5087,3422,Manchester
713,Dre0695,3.241615331964408,True,345,109,
714,Allstresdout,11.151266255989048,True,5313,953,Church Hill
715,HitoriPanda,2.951403148528405,True,57231,3646,
716,jackmeawf,4.7118412046543465,True,13406,1286,
717,mo4994,2.836413415468857,True,1688,869,
718,heathbarrrr,11.315537303216974,True,1123,252,
719,pbadwee,7.676933607118412,True,676,1,
720,GaimanitePkat,7.449691991786447,True,432053,20323,
721,squidboat,10.455852156057494,True,2543,2620,Museum District
722,cybersaint2k,9.634496919917863,True,68255,1493,
723,ZipWyatt,8.232717316906228,True,9156,165,West End
724,DCFishingGuy,8.594113620807667,True,5124,110,Museum District
725,GhostWriter52025,10.956878850102669,True,17216,99,
726,vonbozac,8.399726214921287,True,153,59,
727,Forward-Classroom-66,2.6365503080082138,True,112,30,
728,Rlacharite10,4.271047227926078,True,16931,8101,
729,Rescuepoet,8.172484599589323,False,3632,111,
730,looptyloop27,2.220396988364134,False,23,1,
731,steverogershammer,3.017111567419576,True,38,1,
732,Daquiri_granola,4.142368240930869,True,914,35,
733,RabidSeaTurtle,4.139630390143737,True,2490,763,
734,justblahetoday,1.538672142368241,True,4288,550,
735,Ok_Contract1672,1.379876796714579,True,166,41,
736,nfojones,13.754962354551678,False,23515,9990,Forest Hill
737,quantizedd,11.107460643394935,True,27184,22704,Manchester
738,tusant,2.4695414099931554,True,1036,1,
739,Pepperidge_fam,0.0054757015742642,True,27,1,
740,DangeRaide,3.68788501026694,True,223,360,
741,ohsweetpeaches,4.232717316906228,True,31481,12144,Ashland
742,ThickumsMagoo,2.16290212183436,True,7932,1982,
743,dances-with-poodles,5.13347022587269,True,436,48,
744,JustAnother804Guy,3.181382614647501,True,2034,510,
745,trollbowlbutter,2.6091718001368926,False,24,11,
746,Round_Calligrapher79,2.2532511978097194,True,117,1,Church Hill
747,DurianEmbarrassed689,0.2683093771389459,True,2840,874,
748,Jon_hamm_wallet,7.08829568788501,True,29407,3375,Southside
749,brimpol,11.813826146475018,True,2617,1737,Glen Allen
750,what-the-what24,3.356605065023956,True,10385,8400,Westhampton
751,Illuvatar_CS,6.2149212867898695,True,26636,11870,
752,adognamedgoat,10.028747433264886,True,47734,6362,Lakeside
753,JustKatB,1.3552361396303902,True,674,1,Glen Allen
754,FritzFromSonofaFritz,1.3963039014373717,True,620,24,Shockoe Bottom
755,TGIIR,3.7234770704996576,True,42514,4573,
756,BurkeyTurger,11.162217659137577,False,99814,13173,Chesterfield
757,himynameisjay,8.993839835728952,False,78610,9411,Forest Hill
758,yourMomsIndy,2.2751540041067764,True,1127,174,
759,brat84,2.2861054072553046,True,11261,8186,Northside
760,resident16,11.772758384668036,True,111109,55295,Chesterfield
761,Prettyyyyyvickkkkky,2.4449007529089664,True,121,1,
762,comfortpea,4.292950034223135,True,9985,325,
763,eyedrib,0.216290212183436,True,734,170,
764,mrstillbirth,3.742642026009584,True,2068,3282,
765,jeffreytferg,9.314168377823409,True,1094,1126,Northside
766,Otter_Than_That,10.732375085557836,True,14132,3212,Northside
767,Arcangelathanos,8.572210814510608,True,25864,1179,West End
768,BuckshotLaFunke,3.425051334702258,True,28483,14882,
769,reebokhightops,4.780287474332649,True,16718,927,
770,SpicyThoughts22,2.242299794661191,True,33,46,
771,lycosid,10.830937713894592,True,26175,117,
772,Walters0bchak241,3.326488706365503,True,3396,161,
773,sirensinger17,5.982203969883641,True,3943,1783,Randolph
774,ithinkimaybe,2.461327857631759,True,3553,429,
775,edentel,15.550992470910336,True,2115,3676,
776,that_AZIAN_guy,5.828884325804244,True,40554,20489,
777,Guyon,15.367556468172484,True,42274,36695,
778,WeetWoo97,3.671457905544148,True,2701,518,Union Hill
779,csteven71,4.145106091718001,True,5232,2262,West End
780,YumYumDiddly,6.469541409993155,True,652,384,
781,bolonga16,4.424366872005476,True,21901,6111,
782,wheeldesigner,4.164271047227926,True,1310,4413,
783,vonarchimboldi,8.958247775496236,True,121942,13334,Museum District
784,ifitsnotbroke,3.433264887063655,True,456,61,
785,wera917,2.140999315537304,True,186,1,
786,venturelong,4.161533196440794,True,16366,8499,Midlothian
787,Spirited_Stick_5093,2.543463381245722,True,7480,12599,
788,easy_Money,11.49349760438056,True,212197,68801,Church Hill
789,nbrettie,9.530458590006845,True,602,1996,
790,Motleyfool777,11.61122518822724,True,4859,9095,
791,___zero__cool___,0.7392197125256673,True,2667,1,
792,mountainoyster,10.143737166324437,True,34261,1,
793,Longjumping_Bat_999,1.6673511293634498,True,0,1,
794,youareourlasthope,1.8836413415468856,True,6789,27,
795,Chipring13,10.64476386036961,True,15629,1495,
796,user_name1745,0.5147159479808351,True,46,2,
797,iNotSureShouldBeHere,1.1663244353182751,True,0,1,
798,Traditional_Sea_2813,2.2778918548939084,True,1620,1,
799,nj2rva90,4.785763175906913,True,101,14,
800,aym1347,4.97741273100616,True,3540,55,
801,Conscious_Office_325,0.2683093771389459,True,0,1,
802,AedenCross,3.559206023271732,True,1909,60,
803,Bunbury3,3.600273785078713,True,411,146,Bellevue
804,heraus,9.377138945927449,True,6093,547,
805,Throwaway-34451512,0.0054757015742642,True,0,18,
806,tt2ps,5.538672142368241,True,5036,35,
807,augie_wartooth,2.973305954825462,True,44754,808,Southside
808,rchllwr,4.276522929500342,True,20336,6234,
809,tyrannosaurus_chex,11.211498973305956,False,1557,20,Glen Allen
810,Imaginary_Ad_7192,2.132785763175907,True,577,290,
811,orthologousgenes,10.63381245722108,True,5570,2377,
812,caraand,2.8720054757015743,True,1450,282,Southside
813,judgementalb,3.025325119780972,True,35040,605,
814,im__your__mom,3.219712525667352,True,479,67,
815,larbee22,11.446954140999315,True,8687,5685,
816,Previous-Expert-378,0.3175906913073237,True,2095,10,
817,jujutree,11.603011635865846,True,2351,1272,
818,Newyew22,1.264887063655031,True,21430,55,
819,Power_Blaster,1.2046543463381243,True,508,10,
820,thai_icedtea,6.672142368240931,True,1638,5517,
821,bigdaddyman6969,1.9603011635865848,False,6256,164,
822,Far_Pollution_2920,1.4072553045859,True,3130,72,
823,alguev,3.9342915811088295,True,49,71,
824,RJT_RVA,6.8583162217659135,True,4438,7000,
825,Much-Support-938,1.2238193018480492,True,16,1,
826,ivegotwings1,2.798083504449008,False,201,86,
827,Extension_Ad6318,0.7775496235455168,True,54,6,
828,archetype1,9.713894592744696,True,114679,25069,Downtown
829,Impressive_Ad_8276,2.2012320328542097,True,22,5,
830,smafreebird,4.254620123203286,True,1349,3833,Highland Park
831,_bagelthief,9.456536618754278,True,6618,144,Manchester
832,Herculicia,7.84394250513347,True,10404,8399,Museum District
833,reginaphalange88,4.396988364134154,True,922,317,
834,danadane1419,5.645448323066393,True,7724,282,
835,Skwyre7,10.015058179329229,True,22742,1146,
836,Lsufaninva,2.6611909650924024,True,11771,877,
837,askol2,9.103353867214237,True,1710,1377,The Fan
838,imissparagon,4.610540725530458,True,534,6,
839,dspencer97,9.130732375085556,False,27208,94161,
840,RunningThenReversing,4.1095140314852845,True,1305,57,Downtown
841,Pink_Insect,2.138261464750171,True,158,63,
842,inudd,5.431895961670089,True,526,468,
843,dg792,0.9336071184120466,False,33973,3530,
844,ginger_qc,3.0663928815879533,True,163,1,
845,No-Head-998,0.1177275838466803,True,8,131,
846,abouttofallyall,0.405201916495551,True,188,1,
847,Numerous-Tiger-7573,2.269678302532512,True,431,2,
848,Mr_Boneman,7.7782340862423,False,55541,2021,Forest Hill
849,mshawty,3.575633127994524,True,87,255,
850,sizzlemeet,9.58795345653662,True,3153,3506,Forest Hill
851,Chiiffy,6.26694045174538,True,201,161,
852,iwearlederhosen,8.950034223134839,True,20629,7031,Chesterfield
853,PopBopMopCop,2.915811088295688,True,18762,14370,West End
854,PayneTrainSG,12.114989733059549,True,38455,689,Southside
855,molluskich,13.032169746748805,True,28818,1230,Midlothian
856,Big_Al56,6.959616700889802,True,2761,1977,
857,Djlewzer,2.6584531143052703,True,4292,68,
858,paper_anchor,2.138261464750171,True,1226,248,
859,DeadM3dic,5.119780971937029,True,6058,38,
860,Turinggirl,6.099931553730322,True,35488,3921,Bon Air
861,nilsrva,9.013004791238878,True,25306,102914,Museum District
862,tcklemyfancy,4.186173853524983,True,1693,2533,Carver
863,ThatChildNextDoor,2.543463381245722,True,6485,10680,Jahnke
864,vwphile,7.455167693360712,True,2401,1640,Lakeside
865,CoffeexCup,3.154004106776181,False,11328,13316,
866,Canard427,11.279945242984258,False,37624,6779,Northside
867,spacemonstera,0.8870636550308009,True,3569,1,
868,Freseper,2.2340862422997945,True,4717,677,
869,kid_christ,9.722108145106091,True,3204,11390,Byrd Park
870,Cheaperthantherapy13,6.436687200547571,True,229001,11686,
871,rvalongitude,2.132785763175907,True,9,1,
872,WeedyMegahertz,5.256673511293634,True,11499,1367,
873,maniarva,4.936344969199179,True,1088,6,
874,Walkabouts,10.30800821355236,False,3396,2011,
875,canquilt,10.587268993839835,True,79518,9438,Near West End
876,AmputatorBot,3.748117727583847,True,513742,21,
877,seaybl,8.758384668035593,True,10310,1782,
878,adr0ck6,8.752908966461328,True,697,183,Midlothian
879,M-in-RVA,3.876796714579056,True,385,7,Chesterfield
880,VomitEverywhere,11.66050650239562,True,24495,5053,
881,dauntingrat,4.829568788501026,True,118,1194,
882,H-Resin,12.016427104722792,True,64261,579,
883,CollegeStudentTrades,5.316906228610541,True,7238,2325,
884,WhoCaresBoutSpellin,0.6132785763175906,True,31345,311,
885,couch_lockRVA,6.784394250513347,True,1610,401,
886,RichmondTransplant,4.03832991101985,False,7899,185,The Fan
887,Vegetable_Macaroon32,1.215605749486653,True,45,1,
888,TheTariffof19892,4.709103353867215,True,29784,6999,
889,7SlotGrill,0.75564681724846,True,2977,53,
890,CrazyLaurel,1.0349075975359343,True,36973,539,Sandston
891,Beautiful-Kale7887,2.0616016427104724,True,446,117,
892,NumberFinity,0.1341546885694729,False,131,1,
893,land-o-lakes94,0.2245037645448323,True,631,104,
894,TheBroox,9.938398357289527,True,21714,6284,
895,Brogenitus,7.874058863791923,True,5573,23314,
896,seekingpretzels,2.628336755646817,False,1074,96,
897,gowhatyourself,9.163586584531142,True,15198,3285,
898,Kay1300,1.4236824093086926,True,284,19,Bon Air
899,epluribusanus4,6.042436687200548,True,20670,110,
900,ediblerice,4.818617385352498,True,7503,793,
901,LeArquebusier,0.1314168377823408,True,873,27,
902,KenKaneki94,6.042436687200548,True,25302,1,
903,chiciebee,11.770020533880905,True,38,12,
904,ZeroDayRVA99,0.0191649555099247,True,12,2,
905,1151am,8.865160848733744,False,26146,481,Lakeside
906,amillionavocados,6.349075975359343,True,1907,305,
907,olliricjo1,1.462012320328542,True,448,297,
908,Previous-Bunch1395,2.242299794661191,True,5,1,
909,SnooHesitations926,2.5489390828199863,True,3546,12,
910,blueskieslemontrees,5.160848733744011,True,58469,4808,
911,ploymahloy,2.6694045174537986,True,270,24,
912,Dairy_Seinfeld,6.798083504449007,False,35645,3251,
913,just_looking_aroun,2.642026009582478,True,33605,566,
914,NewstoKnews,3.540041067761807,True,33,1,
915,misfit9999999999999,1.6372347707049966,True,730,5,
916,Guru_of_Glaze,4.862422997946612,True,5164,617,
917,verbalddos,6.234086242299795,True,19244,541,
918,1000eyes_and1,1.6673511293634498,True,26846,10,
919,Mikey6304,2.759753593429158,True,126426,2737,
920,mustangs6551,9.204654346338124,True,15807,4787,
921,rvah2o,0.3039014373716632,True,1237,925,
922,UltraRaeBeam,0.919917864476386,True,15,431,
923,h8terade,13.065023956194388,True,42,129,
924,Rowdy_South,9.141683778234086,True,15201,3529,Westhampton
925,YAboss1243,3.972621492128679,True,1412,3104,
926,JDnice804,4.840520191649556,True,17319,381,Museum District
927,birdmanmanbird,9.91375770020534,True,64666,1209,
928,RVAbosozoku,2.869267624914442,True,1578,2303,Bon Air
929,ExtremeHobo,12.83230663928816,True,35202,6390,Northside
930,Pearlsgalore,5.327857631759069,True,8568,1912,
931,DrGingeyy,11.449691991786448,True,55445,9367,The Fan
932,kipfoot,4.799452429842574,True,4531,246,
933,iwalktowork,3.45242984257358,True,3388,415,
934,ChuckIT82,12.569472963723475,True,28929,6434,City Stadium
935,crankitup29,5.831622176591376,True,2952,978,
936,Story_Mountain,2.26694045174538,True,5608,5801,
937,DILF_LUVR42069,4.331279945242985,True,356,46,
938,Thegreatgato,9.607118412046544,True,8690,146,The Fan
939,1905band,3.1457905544147846,False,117,19,
940,shrewfriend,0.7611225188227242,False,43,392,
941,Wide_Atmosphere_2250,0.0520191649555099,False,78,31,
942,pinkcoco333,0.5639972621492129,True,3,1,
943,redditaccount300000,1.9219712525667352,False,5007,2,
944,The_Revolutionist,10.702258726899384,True,5835,2065,West End
945,Dylanukrva,0.1834360027378508,True,103,56,
946,DontBeCreepy_BeCool,0.1067761806981519,True,73,1,
947,LessIntrigued,2.3928815879534566,True,23,1,Southside
948,eats-the-bread7717,0.785763175906913,True,22,65,
949,lifegavemelemons,10.907597535934292,True,6089,1099,
950,Soigne-Pilot,0.1259411362080766,True,1051,9,
951,Disastrous-Ad-7008,1.782340862422998,True,5389,371,
952,rvajazzhead,0.4079397672826831,True,329,321,
953,ChickenBoneDildo,0.1670088980150581,True,61,38,
954,Thickensick,10.789869952087612,True,163230,2519,
955,nuocmami_k,1.0403832991101984,True,637,170,
956,Zestyclose_Context79,1.9712525667351128,True,5114,4519,
957,pcptornado11,3.6139630390143735,True,1232,24,
958,NecroNico_61,2.0643394934976045,True,1571,1773,New Kent County
959,imeightypercentpizza,1.1006160164271048,True,1563,570,
960,Rajvagli,12.19712525667351,True,4268,85,
961,Specialist-Wall2038,2.198494182067077,True,15,1,
962,Bubsntina4eva,7.118412046543464,True,1589,178,
963,zebra_c4kez,0.9883641341546886,True,1392,63,Woodland Heights
964,emelenjr,6.973305954825462,True,1154,459,Northside
965,DarDarRules,3.594798083504449,True,2932,1525,
966,hooforce,8.845995893223819,True,2015,761,
967,Educational-Mood-970,2.078028747433265,True,21,246,
968,DontTouchMyPeePee,9.7741273100616,True,7383,126,
969,dyzank,10.707734428473648,False,1152,119,
970,DudeManBo1t,4.670773442847365,True,7459,12,Museum District
971,757rvahokie,6.8145106091718,False,408,358,
972,prof_herp_derp,10.926762491444215,True,12787,1661,
973,gurugurug,10.984257357973991,True,1299,8212,
974,VAhotfingers,6.401095140314853,True,68469,5102,
975,Conscious-Green3421,1.7138945927446954,True,8,1,
976,Airika_Moon,1.2785763175906912,True,4,5,
977,schizoform,2.299794661190965,True,23,1,
978,Salty_Mycologist_314,1.9685147159479808,True,5921,975,
979,4lways4ward,6.450376454483231,False,2573,1,
980,Blue-Buried,4.91170431211499,False,1890,19675,
981,hsoel,0.4271047227926078,True,9,4,
982,bluejdw,2.78713210130048,True,645,20,
983,Available-Reward-912,0.7665982203969883,True,545,15,
984,twelvesteprevenge,9.817932922655714,True,80293,11556,
985,Opacy,10.683093771389458,True,32566,32,
986,Ajax36132,5.87542778918549,True,1589,268,
987,link_n_bio,1.6837782340862424,True,171,655,
988,_sarten,1.2019164955509924,True,1864,61,Oregon Hill
989,calli53,5.475701574264202,True,380,11,
990,bettygreatwhite,6.38466803559206,True,12803,3643,
991,firemummy,11.594798083504449,True,15352,575,
992,raindeerpie,1.0787132101300478,False,881,16,Lakeside
993,stsod,11.318275154004109,True,916,7244,
994,lyndsamato,2.7816563997262147,True,7,1,
995,breakup_letter,5.108829568788501,True,6374,491,
996,lenin-sager,0.1615331964407939,False,164,44,
997,atl_bowling_swedes,6.094455852156058,True,7558,70,Hanover
998,szeis4cookie,7.118412046543464,True,4628,259,
999,Nancy_Wheeler,5.1854893908282,True,23552,59,Short Pump
1000,nedhaskins,0.7529089664613279,True,17,48,
1001,fanrva,8.804928131416839,True,42398,9259,The Fan
1002,Weak-Calendar5497,0.7063655030800822,True,311,1,
1003,Odd-Middle8905,2.4503764544832305,True,194,123,
1004,SendItInWahoo,0.3039014373716632,True,379,1,
1005,peregr1ne,10.069815195071868,True,18676,26304,
1006,princessofbeasts,5.648186173853525,True,4738,926,Glen Allen
1007,reddittrudy,2.7214236824093088,True,1341,60,
1008,PiginthePen,6.839151266255989,True,23222,9321,Southside
1009,Myfourcats1,9.218343600273784,True,971524,14902,
1010,spike31875,4.410677618069816,True,28802,5030,Henrico
1011,mmeat1148,1.0650239561943875,True,402,36,Bellevue
1012,weasol12,8.405201916495551,True,24278,3898,Near West End
1013,yourdadisthemilkman,3.6331279945242985,False,705,121,
1014,BootyBefuddled,6.026009582477755,True,-1,1,
1015,CleanVictory2508,2.113620807665982,True,8,4,
1016,Ok_Percentage5092,1.4811772758384667,True,1090,1,
1017,fyjian,8.46817248459959,True,2651,19,
1018,dfloyo,4.63791923340178,True,35868,120,Near West End
1019,nlvogel,5.817932922655715,True,13540,1572,
1020,marye914,4.974674880219028,True,8294,6935,
1021,Shandalier81,2.524298425735797,True,369,3639,
1022,Huckles123,3.383983572895277,True,7520,1442,
1023,INachoriffic,10.64476386036961,True,25084,7516,
1024,reddevrva,7.759069130732375,True,11848,83,
1025,LadyGryffin,5.2265571526351815,True,20087,3647,
1026,wantthingstogetbettr,3.561943874058864,False,657,3132,
1027,ToadFlax0,3.071868583162217,True,449,28,
1028,TrashApocalypse,2.507871321013005,True,45767,4412,
1029,Moist-Ad1978,2.1190965092402463,True,70,11,
1030,LouieKablooie,13.946611909650924,True,164501,60003,
1031,SmileyRylieBMX,4.413415468856948,False,1945,2605,Forest Hill
1032,Wa_wa_ouija,1.5222450376454484,True,8476,3641,Museum District
1033,PeppyMinotaur,3.4962354551676933,True,31442,6948,
1034,Independent-Elk-3423,1.83709787816564,True,9,24,
1035,stat_daddy,3.68788501026694,True,511,21,
1036,Heavy_Ratio818,1.106091718001369,True,646,58,
1037,HatefulDan,5.278576317590692,True,69487,371,
1038,YourDogsAllWet,7.515400410677618,True,49711,10150,
1039,Cobester,10.844626967830251,True,19735,6515,
1040,simonmagus616,3.863107460643395,True,35866,10539,
1041,zazzersmel,0.2628336755646817,True,1909,163,
1042,Successful-Engine623,1.7960301163586585,True,32657,79,
1043,LoafRVA,5.653661875427789,True,5920,81592,
1044,Mysterious_Fee_5197,0.9418206707734428,True,122,1101,
1045,dreww4546,2.4969199178644765,True,39080,4253,
1046,Palmwine,9.886379192334015,False,6029,113,
1047,GodHandGuts,4.254620123203286,True,460,2333,Museum District
1048,Best-Influence9886,2.1464750171115674,True,856,53,
1049,karmaschulz064,8.2217659137577,True,3575,2848,
1050,maitvoid,3.45242984257358,True,363,282,
1051,No-Cryptographer3230,1.7659137577002053,True,12,7,
1052,Rodzilla_Blood,1.51129363449692,True,6292,94,
1053,LostDefectivePearl,3.6276522929500334,False,120246,349,
1054,pomaj46808,3.40041067761807,True,58635,1,
1055,Grouchy-Macaroon-761,0.1752224503764544,False,294,621,
1056,ConjuringLuLu,2.0561259411362083,True,227,1,Chesterfield
1057,guptaxpn,13.045859000684462,True,2773,734,
1058,GandhiOwnsYou,8.361396303901437,True,15903,417,
1059,gooeyjello,8.457221081451062,True,9121,1134,Midlothian
1060,TreeFugger69420,1.8480492813141685,True,7790,9,
1061,JakeTheDog424,1.6344969199178645,True,7891,724,
1062,FlailingOctane,4.799452429842574,True,26435,291,Scott's Addition
1063,Socarch26,11.411362080766596,True,47118,7164,RVA Expat
1064,Cruisin_Altitude,8.39151266255989,True,2506,5,Manchester
1065,chihuahua001,7.263518138261465,True,55602,11511,Powhatan
1066,Kingful,10.154688569472963,True,58803,2173,
1067,Quirky_Contract_7652,0.919917864476386,True,16468,765,
1068,JosephFinn,10.275154004106776,True,48587,1083,West End
1069,ryseing,10.020533880903493,True,66011,2674,Manchester
1070,manyamile,12.06570841889117,True,86022,29367,Hanover
1071,Educational-Map-8210,0.1314168377823408,True,2,1,
1072,MediocreDriver,5.100616016427105,True,3149,165,
1073,Patient-Wishbone3625,1.675564681724846,True,597,999,
1074,moonpeachburritofunk,10.28062970568104,True,1266,1647,
1075,AutoModerator,11.219712525667353,True,1000,1000,
1076,WhiskyCokeNoIce,2.6091718001368926,True,17,1,
1077,TooSoonRaccoon,3.6112251882272415,True,285,1579,
1078,rickydildoa,6.182067077344285,True,436,265,
1079,my478thredditaccount,0.7994524298425736,False,-1,220,
1080,scottafol,6.028747433264887,True,1716,58,
1081,anomadichobo,10.628336755646815,False,8637,1780,Near West End
1082,creep_nu,10.387405886379192,True,33563,247,Manchester
1083,Derpyisdumb,1.4921286789869952,True,3,1,
1084,GrayRVA,4.731006160164271,True,135646,9370,Church Hill
1085,DontTryAndStopMe,0.3039014373716632,True,2287,4,
1086,Big_daddy_c,10.956878850102669,True,5728,832,West End
1087,piso_mojado,11.860369609856264,True,34716,17625,Westhampton
1088,bamhsc,11.011635865845312,True,226,37,
1089,upvotejellofellow,6.26694045174538,True,2539,9867,
1090,atchoummmm,4.427104722792608,True,408,1882,
1091,RejoiceRejoice,8.334017796030116,False,1091,372,
1092,AG3NT_X,8.438056125941136,True,2680,562,
1093,Beige240d,3.271731690622861,True,3059,100,
1094,Ace417,10.64476386036961,True,34075,3523,Midlothian
1095,Owlboots,10.559890485968516,True,8,1,
1096,Financial_Bus2888,1.0102669404517457,True,5,20,
1097,throwawayrva83,1.352498288843258,False,462,2,
1098,baddog1229,14.71047227926078,True,2060,11366,
1099,BusyPooping,6.113620807665982,True,15487,54581,
1100,ProtectTheHell,8.39151266255989,True,29826,26094,Chesterfield
1101,combinera,0.9500342231348392,True,4529,8757,
1102,Ghw_swl,1.7467488021902806,False,117,1,
1103,SilentSlayz,6.193018480492813,True,334,224,
1104,MiloAshworthy,1.051334702258727,True,1988,17,
1105,shhimhuntingrabbits,10.841889117043122,True,44822,14309,
1106,mam88k,9.242984257357977,True,36572,9116,Highland Park
1107,G-Flo189,2.195756331279945,True,515,5,
1108,PM-ME-YOUR-TOTS,6.8583162217659135,True,4347,176,
1109,V1GiLaNtE,10.069815195071868,True,1702,6163,
1110,DyreTitan,6.71047227926078,True,1026,243,
1111,WEBB3DMFG,0.1505817932922655,True,41,94,
1112,HometownHits,9.347022587268992,True,3954,1923,RVA Expat
1113,Original_Rain_5656,0.9938398357289528,True,31,12,
1114,silly8s,1.982203969883641,True,3128,13,Northside
1115,WouldbeRVAtourguide,2.0917180013689256,True,663,1,
1116,selfdiagnoseddeath,7.586584531143052,True,7952,11643,
1117,PimpOfJoytime,10.023271731690622,True,46395,9497,Brookland Park
1118,godisperverse,2.0177960301163584,True,1070,1086,The Fan
1119,ShadyAdvise,2.020533880903491,True,450,56,
1120,Moxy-Proxy,6.8583162217659135,True,1668,56,
1121,wtfareyounow,7.701574264202601,True,3160,2195,
1122,burledw,9.338809034907598,False,12734,83,
1123,FrankieMunizOfficial,8.361396303901437,True,2346,206,The Fan
1124,thevampirechrysalis,0.3312799452429842,True,3036,31,
1125,meskigski,0.3011635865845311,True,5067,337,
1126,Ok-Section-9438,2.2532511978097194,True,143,99,
1127,RVAJTT,4.783025325119781,True,4177,174,
1128,schmoopie76,3.649555099247091,True,4480,30,
1129,bird_bitch,4.106776180698152,True,8488,3288,Byrd Park
1130,Sempiternal_Cicatrix,3.3648186173853527,True,6192,2013,
1131,MediocreMuseRVA,2.316221765913758,True,322,26,
1132,McGurganatorZX,7.887748117727583,True,400,31,Downtown
1133,pumicepickle,1.9575633127994525,False,3605,1768,The Fan
1134,SameNameAsBefore,6.206707734428473,False,3188,617,
1135,Stop_staring_at_me,11.490759753593428,True,32564,4036,Near West End
1136,sweetsatanskiing,6.1711156741957565,True,5612,1312,Northside
1137,lavahound9890,2.088980150581793,True,65,1,Short Pump
1138,KittyCottonSocks,0.7337440109514032,True,403,297,Midlothian
1139,Accomplished-Pen-394,0.8706365503080082,True,6288,69,Mechanicsville
1140,LemonCaperRVA,4.867898699520876,True,4223,2537,
1141,J_Beyonder,3.849418206707736,True,28503,337,
1142,100835,4.6652977412731005,True,5839,507,Bon Air
1143,devenjames,9.623545516769337,True,20681,773,
1144,bacon0927,6.225872689938399,True,24781,437,Chesterfield
1145,winnieismydog,6.469541409993155,True,21114,10286,
1146,Seanaldss,3.2005475701574264,True,787,49,
1147,blumplstiltskin,8.71731690622861,True,3938,224,
1148,DrP3n0r,12.147843942505132,True,8891,1595,
1149,MissLauraCroft,5.223819301848049,True,26622,290,Southside
1150,Just-Dealer-5980,2.1656399726214923,True,213,130,
1151,eziam,11.16769336071184,True,68180,2548,Short Pump
1152,JosefDerArbeiter,6.239561943874059,True,16675,1604,Jahnke
1153,cassanovadaga,10.206707734428472,True,5630,1665,Northside
1154,RufuMahli,3.808350444900753,True,278,884,
1155,jeffcren,8.02737850787132,True,1783,272,Northside
1156,KeyGloomy8499,1.735797399041752,True,1282,4,
1157,Crober45,8.476386036960985,True,4976,1944,
1158,foxcat505,3.8439425051334704,True,2506,80,The Fan
1159,AlexisVictoria129,1.0896646132785763,True,3,34,
1160,surpriseskin,6.324435318275154,False,4855,5543,Fulton Hill
1161,PhoenixAshies,11.53182751540041,True,16359,213,
1162,TheSunflowerSeeds,5.182751540041068,True,287215,1,
1163,BookDingo,1.158110882956879,True,1104,1,
1164,CatPhtevens,0.7200547570157426,True,76,1,
1165,Traditional-Candy-49,1.111567419575633,True,16,1,
1166,CadenVanV,0.8158795345653662,True,28125,7259,
1167,Libshitz74,0.4462696783025325,True,943,78,
1168,Jencat143,3.1950718685831623,True,253,570,
1169,MrNarwall,8.021902806297057,True,2092,852,Forest Hill
1170,gonefrombad,4.191649555099247,True,1006,1,Church Hill
1171,MortarMaggot275,4.70362765229295,True,9208,180,
1172,RazorRamon329,3.863107460643395,True,2817,753,
1173,TheWastebasket,6.989733059548255,True,13494,7760,
1174,Sweetnspicy77,2.3436002737850785,True,6835,2805,
1175,grampscirclea,4.772073921971253,True,12007,9289,
1176,RaygunNanci,0.813141683778234,False,0,9,
1177,brachism,9.05407255304586,True,265,111,
1178,Far_Cupcake_530,2.209445585215606,True,124,1,
1179,thats_genocide,0.0136892539356605,True,32,8,
1180,andycallsmebigtuna,4.648870636550308,False,204,173,
1181,ILayWood12,7.195071868583162,True,12011,599,
1182,Swrdmn,11.208761122518824,True,50274,3593,The Fan
1183,road_chewer,6.308008213552362,True,23521,3797,
1184,aakaase,3.5811088295687883,True,10065,928,
1185,woodiedoo,2.6557152635181382,False,1299,23,
1186,maddmoxxiie,4.172484599589322,True,1571,4178,Museum District
1187,bountyman347,11.189596167008895,True,28025,2436,
1188,mah658,6.595482546201232,True,5810,7369,
1189,random_devnull,0.1286789869952087,True,77,1,
1190,Diet_Coke,11.739904175222453,True,321158,27516,Museum District
1191,Remarkable_Breath529,0.7611225188227242,True,27,1,
1192,inspektalam,9.56331279945243,True,3003,4038,
1193,whoremoanal,8.851471594798083,True,11874,1050,
1194,Pine-soft,2.080766598220397,True,2,43,
1195,jorahwhoremont,7.592060232717317,False,3954,737,
1196,Mollysindanga,0.6433949349760438,True,1124,284,
1197,NannyW00t,5.683778234086242,True,4333,857,Highland Park
1198,CardinalSkull,0.785763175906913,False,2142,64,
1199,ohizkimmie,1.0978781656399723,True,48,1,
